0.8681875833239017,5.90560374922717,8.90594792587263,1.6665422227128546,2.0
-2.5473658497709515,9.61769608132225,8.775485664512,1.25651593243867,1.0
2.4085418645947483,10.23415854383124,18.770016794926402,3.561559008823429,1.0
2.588486397761142,7.176280192792263,9.857278303985687,2.120659873112319,1.0
4.737380532204613,7.037804373839491,12.674096787304107,0.06000723663186336,1.0
-4.8027847289039265,6.186409713619394,8.226562226417759,0.9309491546543002,1.0
-0.4101116856844089,8.951759907607414,2.909461672235608,17.803586313150067,2.0
4.541549612740561,10.032653239034122,0.4504603675079242,1.6717205098596233,1.0
1.3775893460006756,9.834030377665375,20.640829889723108,1.9138009373958513,1.0
-3.3752517530226314,9.067960158895389,12.323523979978289,3.196679314922854,1.0
2.1517401102840936,5.437407453055728,11.252941929482045,1.2677954223586176,1.0
0.19297193562781567,6.251411714166958,12.932486169527024,2.0116087227655166,1.0
3.6336999313067664,6.190056071193253,23.306566274761913,0.9744422370895112,3.0
3.553403621375635,6.733341490183752,9.412993612531398,1.6638007885917654,2.0
1.3051296042431468,7.318969713691615,10.067558448287327,2.2182923232716836,2.0
-1.5331727530476273,8.30844516719062,10.292622788847755,6.7569483017989915,1.0
0.5613465140971969,9.153622578639972,5.6452753328485015,1.4999647565209009,2.0
2.566503540103959,12.102213333474065,16.6623073211275,13.78764731220074,1.0
-1.1906665257408005,5.280412983765192,9.510272306744953,6.186291844197063,1.0
0.3066555584615567,6.235566710872341,11.436039687638152,1.7270180380028564,1.0
3.6032924452282806,10.486874070881901,10.791074577739721,4.366850789913724,1.0
0.13908502696301372,9.2743226992883,11.950927496209566,2.5914830227410657,1.0
2.2563670963968225,8.598932799754037,8.681439068726906,4.303465140739875,1.0
1.8114806495085585,4.886037307743723,11.700232993936655,2.8251753743546733,1.0
1.62240935653585,5.580185769283237,14.800779000298721,3.0741383794653014,2.0
-3.9041936207324692,4.599606835865236,8.06289212034649,6.813207607298711,4.0
6.716757085842973,5.400852254692865,10.434688193042028,0.5426941670150317,1.0
4.7156838393868785,5.673371563113177,13.090112265050777,2.2894854746115034,1.0
0.548108125376112,4.509047630193674,12.474550897437883,1.6335585204429166,1.0
6.266742890085155,7.859296143892957,14.837281807971944,2.704576425983522,2.0
1.2108095325578851,8.681519549638908,7.727522573330342,16.704345429948805,1.0
10.226576839391566,5.121489086535548,7.870749246811163,1.4240237251462955,1.0
-0.521400394574651,10.519989437182314,10.217163733255072,4.529748394251344,1.0
1.7697052650721568,9.837209997675568,5.17063707188698,6.8956514273525435,1.0
2.076315762970736,8.379017013270046,11.183379586324234,0.6591166819356687,2.0
4.149908026931172,7.277515563548976,-5.178359712189856,3.0985071782817406,1.0
-0.03710763947532758,10.503152471736879,4.029806536395501,2.049848407646743,2.0
0.47981020722852374,6.412052448982525,3.9200985811955205,4.931018226693699,1.0
-1.7923775427979614,5.694159041968076,2.5848549484954972,9.059993233507448,3.0
2.647376845134189,4.982921463981388,9.984206458207193,3.660694094157999,1.0
1.7846902038522654,9.191841642347264,15.750055154501126,3.296614325889204,4.0
0.7468747120785957,8.718145943521025,15.170779143831282,0.8059336266416302,1.0
3.0202422556347006,6.650785528535479,-0.4675904345575521,3.2595904786402463,1.0
-0.7547857104201245,9.92613656578633,6.866221475608996,2.87718988516507,1.0
-1.7547249039953945,8.186015897843774,11.09726758647229,0.49893239249703875,2.0
-6.335921153638012,3.241548929693731,14.27428474234177,0.2508054349279531,1.0
0.03497028656547796,5.030487454057919,12.448296702454636,14.134836409429198,2.0
-3.978150613984938,7.955983836350287,18.29330261665006,11.549870779548261,1.0
3.704268853728329,6.280713616387733,13.851063084515838,1.5409794513115773,7.0
5.238951434365369,5.939473359552958,7.879519307838484,4.333780355722132,1.0
-0.4698774106191834,9.359663049506612,21.68994565116444,3.275673973012591,1.0
4.190663878618224,6.168767228322114,14.016209691771902,1.2948191169518835,1.0
-1.2698009250179219,9.435557790127165,9.761715540148229,0.6244859961268063,1.0
3.7281026210750197,11.641962874463536,5.010368908539064,14.558452882976573,2.0
5.24901581112544,7.466531692123041,8.181075676241548,4.52893725501835,4.0
4.947434343499063,13.286060646342353,14.203295578080079,2.592987028204047,1.0
2.944598314206677,7.143501282636126,10.006106937247983,1.7558015904190565,2.0
1.463490698131288,5.9178528550891025,16.715563817380612,8.703292627073598,1.0
-0.536072045452634,8.039574401182254,12.972129312311576,6.590274441951087,1.0
1.380450786743948,6.463759993562869,16.70522489681405,0.6026783475463674,2.0
1.594875202362346,8.3102392932114,12.340751056896387,2.4025608053973464,1.0
2.315849073701407,8.043403343242234,8.475628916766686,5.650609187095672,1.0
-0.47656893666449607,9.925972882573934,11.530942312732883,5.459763309533527,2.0
-2.068132740359246,7.096823335470864,17.83103581186166,9.374232877102191,1.0
5.050795390122718,11.108829040656982,15.421317697235587,0.13932693697759718,1.0
3.2863438657559882,4.039065345135235,11.007416482039154,0.024223209741817013,1.0
3.739661255882674,8.724558183333837,15.908597707255439,0.44983916493317844,1.0
-0.744242133065244,8.840613791203399,8.247543705089715,14.057608915346881,1.0
2.971998627271672,5.673362798759925,7.896405596896072,7.667307770465827,1.0
-1.1347129283222812,9.813645974536815,18.494902297931688,15.548045110786466,1.0
4.033413364961241,6.469226906038328,8.102939615888351,0.4636258984647938,1.0
5.981414221484131,10.116135393657105,10.414322111550451,4.119640558931037,1.0
-0.7640005754761177,8.313248347463482,12.92760103184918,6.720008574669021,1.0
0.21612414097368182,9.30799645164997,18.95070907395278,4.096009673431862,1.0
1.1143841015496012,7.964024590801939,6.963785895077185,3.4520898941058724,2.0
-3.806508862038612,6.816019348544783,8.841247944083115,0.49859606734843775,1.0
-3.0634850949263335,7.360165014242895,24.202842851197566,3.0179021661655305,1.0
3.5202158150788443,7.637064902442853,12.62467401213361,9.000364953503276,1.0
2.534202330946277,6.952848343695001,12.44402237159899,2.1044955410219353,1.0
2.0899063688865107,8.700157057038064,21.524682510651772,1.8071817167691455,1.0
0.060468215544903,3.703874364094983,5.794779384365137,12.402714815493114,1.0
2.923527196380193,2.221257185515925,8.48825644039044,2.498309723422829,1.0
1.226744467821387,9.078821199196806,12.00120959305584,7.231408422881092,1.0
0.48419316957289116,6.741959436851008,8.29795763887668,7.538919733916416,1.0
-1.4510007241570202,8.140224784106481,11.209465499270895,0.9698623594485068,2.0
2.2526346096722185,6.768564238024917,12.61074624641379,0.685446077731574,1.0
5.183436254169767,8.135629403661667,2.2313658176532485,7.202827310340823,1.0
2.5400941005328104,6.057972500117165,11.082835648112626,6.236404165203143,2.0
8.270878198848981,8.449924658224893,0.4006073000642072,3.7642160895383787,2.0
3.48591414914166,9.220913862252885,10.32687875142852,7.185226161282893,1.0
0.9650924829116951,8.346918058846082,7.8058222414465535,2.2860824729284634,2.0
-2.1559219319770193,3.214733371452095,7.242893891389623,3.0967294310721885,2.0
3.077887835209374,5.336058579450169,21.075457874691224,3.5491339357517413,1.0
1.127605376658094,6.6526901119499575,9.669834465038505,1.9403499161281048,1.0
2.3589869451882817,7.728946815547757,14.01418284629196,5.09880775512144,1.0
3.3296794200017974,6.739037198211274,3.658032286438683,11.50189882480882,1.0
0.6918111200640664,5.32326257274811,11.449442008716263,0.424498953299626,1.0
3.892938489873135,7.51885373315682,17.94384371137437,4.1103715493158415,1.0
5.81079425665775,8.768399087169051,9.320232809079807,12.782630132741916,1.0
5.320620510579925,8.059114689489629,14.864791845758946,3.389862670149782,1.0
0.1442078406059326,9.36294621031578,12.55969203754489,0.516315386190692,2.0
-0.18897870820787155,5.872768034043865,1.9903619185360881,7.300622507257536,1.0
1.3275603999680694,6.612836946097666,6.121144269826084,1.3326298349367145,2.0
1.9232456515332983,5.1416613877748345,4.163964229726137,5.676658203666041,1.0
5.6467894630819835,7.087249305986187,10.104415278237946,7.5635544757824995,2.0
3.0053250284819457,8.016038827082028,15.1574276772872,6.854674730627613,1.0
-0.4901735146240851,4.04793314322545,7.222764719757332,0.849816114841342,1.0
1.1326092027694319,7.1378545559152204,8.642553074232222,3.382405165153341,1.0
4.929871011454625,2.840705580179253,8.45673265664109,3.8304648843827462,1.0
4.216990497853646,5.231226889718876,10.129990224287827,3.8773840096228085,2.0
3.542676600026219,9.060099759655852,9.227339942410804,0.8810386406089863,1.0
0.5557900777641827,7.222503759621003,10.43081242155459,2.7062745944130677,1.0
5.24414249729217,9.666460607437633,13.098373525892594,3.1547405629284517,1.0
-2.0442333600777207,9.96576055749087,16.483063756101856,0.1461204307732614,1.0
4.880406487274043,7.684790872572906,10.41873302000647,2.8033212202400954,1.0
-2.1204852801223284,8.897820357074595,23.53909687495908,2.732376058443567,1.0
-1.0978159396292497,8.187060474418509,10.881589555243806,3.720248792973804,1.0
-2.4093223153112113,7.895162314377859,17.256740424051266,2.3606234297562865,2.0
3.7029206695278307,8.985731709403103,9.6776152684092,2.2004941955250374,1.0
-0.2792052877038649,7.719425285114843,6.985029976395613,1.6235614685831545,1.0
-4.003074570746822,8.244697063260048,-5.118482413984655,1.1684736318683775,1.0
6.662652754188285,6.201742708538202,11.417182060453497,4.386533879071918,1.0
-0.4428473589171862,4.005480484906151,11.57630850030007,6.001598473234376,1.0
3.3015621912757966,5.883121690611448,12.891552264356267,6.690657442561892,1.0
4.653876257008017,5.990636586055322,12.138347467405408,11.702215638324716,1.0
4.188029647919616,6.309307148929511,10.154446394764605,0.5253500279939476,1.0
1.2333455349512392,8.467221454217258,17.532424687612057,0.7571690755268826,1.0
4.756617016941023,6.527850909640908,3.069778483450314,0.5004534407258099,1.0
3.900250658925009,9.377779566318079,10.299175005947914,3.229877483562472,1.0
4.483815827974624,5.438738825074328,8.030979214455648,4.458354594375887,1.0
0.4621693231665751,7.29625747867609,12.464256861643454,3.516471936838464,1.0
5.449920693049581,6.63443579534869,12.104728352540889,14.610001969748843,3.0
1.0621759852691497,7.262879337674704,4.157379569730061,3.633438588050944,2.0
0.7570813361593705,3.1508683888849403,6.455445240665072,2.9124977493995363,1.0
6.958640333593036,7.1044898199744635,2.065994341433276,18.217199858556786,1.0
3.186547587965603,6.099106361560864,11.82757096491184,2.7198439850696756,1.0
2.4150312667713454,9.362408976122303,0.9370196640647723,4.288072685549466,1.0
2.9927224635074663,7.604265154483427,8.235497077425858,0.8336077389374107,1.0
4.3067340171141915,6.798768839698041,2.62023354897379,2.141968291720407,1.0
-1.6237134717073447,8.79391152596859,26.567442646042625,0.13843988982679575,1.0
2.4852364180430655,5.16104056042587,10.775167721703895,0.14305753128484888,2.0
-2.0761408983883296,5.286070487136827,19.792156385988076,3.5124522493690407,2.0
-0.36859786919653903,5.4448947731356085,19.56944755473451,5.988498133654964,1.0
1.2779647044260845,6.856932949807334,11.988346485768723,3.7383765223121492,1.0
2.2238644063100943,6.640545860683341,11.58105149576311,1.15885838455338,1.0
3.541960748618644,7.004292913989776,8.844212614865626,1.0801315041205128,1.0
-0.13321237983080803,7.415811109450674,7.954528371315545,3.5336859415241344,1.0
1.068641886692629,7.212999842742828,15.559139766417285,1.7169750668670594,1.0
-0.8397321974753273,7.493290228378792,3.2404375958673093,0.19165613941159168,2.0
9.388446874660023,9.227272721526235,10.51430743648747,6.764175777758175,1.0
1.5798807834765927,5.217737578528477,7.235818590623063,0.5954740614333536,3.0
1.6289750302656667,6.631047641798976,13.332184871797425,4.560904416736263,1.0
3.5097179459450882,7.038560428756998,4.884732544224823,2.910925424867751,2.0
5.7655564407002675,6.915281920641379,8.803496410098655,7.880156277752358,2.0
-1.596602233036502,7.470734409108616,16.868752678910027,0.9653437304304536,2.0
-3.6110288290723007,9.347875104808677,7.90679379680278,0.7195561536993409,3.0
3.3690224476943795,5.637156525320399,9.849026863201791,4.3531463387813885,1.0
-4.002550235148982,5.527957321968476,11.031042736189661,18.39225049003418,2.0
-0.5206570297630608,10.227009754641934,12.495779184281421,5.504541267361247,2.0
3.429938042612628,9.355864507386638,8.964747911366999,3.0949035045489013,3.0
6.171039274039415,5.172753574290294,20.19989884291367,1.6413643892384044,1.0
5.491780276157757,5.778264580741098,10.717807452756695,0.5732836094355432,1.0
2.03727393505528,7.971759271193818,17.643677947999784,1.2576463725128897,1.0
-1.77279776554031,7.483234477939194,18.655672311262048,0.9865839947776094,1.0
1.8004318337610195,7.332642233913701,7.001437286299161,3.821564977815913,1.0
6.069368296494488,4.8686313062673205,0.4359694908217442,2.5332602110517097,1.0
5.781779372400117,7.2002915427998575,10.444454423768086,9.644313206253885,1.0
7.482867788739799,5.9651691790465815,15.381261215195417,10.309710878188204,3.0
0.7247835768822906,6.424163967410349,1.2252770605537826,14.200608407713109,2.0
-1.768850641460891,7.167612796299634,9.83772844098032,1.7246524017291465,1.0
-0.3381169155743997,8.613366054487557,12.199406888244518,5.784255336238117,1.0
0.8619092004978106,11.232743625394061,10.639204557277267,0.9353093922676324,3.0
-0.03770910967975949,6.677748831536566,18.761444283018186,4.05222464716698,1.0
2.76445626542492,6.789858689497075,18.25942057936748,0.984787638635964,1.0
0.17341692349329274,6.9629841831945125,3.880350656645277,3.3045863853842685,1.0
3.5324200706520976,10.312964479756918,11.422197422876902,1.2229554363070392,1.0
0.2827019322989086,7.2244451248285335,20.827416701904962,14.565059805733162,1.0
0.349698246532693,9.135662299601425,7.722193246639877,3.0733732419502555,1.0
2.1191438461915255,5.047831775530626,8.088120551373699,6.938590492495792,2.0
-0.012792112127239186,5.256287903651909,12.208695482360818,0.9548103404683649,2.0
-1.568251124347677,9.504881194605808,15.664695979931082,9.163736246599946,1.0
2.5490896198989623,7.710706402216658,-0.6284068998700363,2.7791091526391303,1.0
5.200536370661668,7.407284391722405,14.421799098854986,0.6811823819164713,1.0
0.7634972392876542,6.679475120536182,15.822297065928659,17.351997228017932,2.0
3.4601005190036425,3.0971235029725226,13.187538446237236,3.505384187138554,1.0
7.409277760904974,10.299674800488633,9.209500265675565,6.749179438829853,4.0
1.8407535215520112,7.580442883247398,4.491989340299405,1.2851901214344126,1.0
2.90317568251057,8.418120103637193,10.237275439818294,0.97104662430198,1.0
2.37864604574661,10.126322782545644,11.396643794063888,1.3505999393177917,1.0
7.180105749267549,3.79006343070669,12.550000886663407,7.701594425297222,3.0
2.4936137359444666,7.11365732634153,5.738027926396036,0.9760663804521825,1.0
-0.7961396670155496,8.737388748347652,7.682790873286811,2.7637327557290563,1.0
7.213199908427525,6.3466644178643525,12.204534220112016,1.8319610137880549,2.0
3.9625944444240124,6.440629664520534,6.227612273075712,0.0496763994151013,1.0
5.559439529097758,5.386900971231713,12.691514593863408,3.1936085650647463,1.0
1.1614920734688567,4.9673544620877035,5.197572295921305,4.789773690246999,1.0
4.486075645168054,5.245730687306629,6.712482669065173,8.352716712091523,1.0
-0.19496918521693996,3.61153653120263,16.76015709992847,5.499801980872402,1.0
-1.1199503551971857,6.317526979794331,7.003783948886581,3.0167229307293124,1.0
4.85063726670054,5.783727392201012,14.765392206191887,2.131159209383006,1.0
3.5816666611514147,8.870262754013071,7.905406537800386,5.748077391088652,3.0
-0.7229942483072369,7.988507586362694,9.369930746747169,9.320700473212503,1.0
5.186439019001579,3.5835059638161457,-0.9564226451116298,4.400010902915521,1.0
5.3377852693685,9.968111629725115,11.624061122756984,0.6964153989794731,1.0
4.591902682901735,4.468346406446506,20.002035668308856,16.768762564795548,1.0
1.2409691418145137,6.130219152658688,2.566302183649192,0.26430116924291985,1.0
8.1361604396993,3.0226240449612596,6.791166562508811,9.829073415459378,5.0
0.40369109615154875,7.1824313595518605,24.909481129615372,0.6427859375291509,2.0
4.694775162052584,9.185945759462898,15.517491423185874,6.180987162979572,1.0
-1.3659333013031794,5.124522597622095,3.720317813915841,3.8767138686341647,1.0
1.8762724667539097,1.9892720681327596,13.383437635276483,2.458182079452528,2.0
4.160617857215036,8.635555078705828,13.24229947240156,11.658993921956627,1.0
2.840054992773136,9.643499135652696,-0.8131487541018814,0.3253888346261425,1.0
1.719228393110142,6.915801265756369,16.58667783280128,6.302137588454097,3.0
3.729732268485452,4.637065465550995,3.404016216875821,1.4319056082489552,1.0
5.11933100940205,6.343548914897533,15.979790654217725,7.386257064192684,2.0
1.992281228947894,7.043401061964642,4.965600884019258,4.106570861828135,1.0
0.20905179972859678,7.002796600047914,10.97069463595475,0.4041646615876003,1.0
-5.2396962356787835,7.299191848670116,5.844790509623364,1.43269278775186,1.0
1.7104299073989955,10.15185210269598,7.7541561486075175,10.258613115265877,2.0
6.398308748176875,6.398443288868508,8.822198255212658,0.31772437243920976,1.0
-0.10586542460111881,7.0313739776442485,-2.796360519901068,4.1641125268419446,1.0
3.404389709145705,6.563285285796783,19.21650652738495,5.617417501253896,2.0
2.578358364302874,6.556400198478678,4.59925839923655,5.4235248349298875,1.0
8.235770365540311,1.6321964670693765,12.420966657321808,0.19779538899115975,1.0
4.266550254041667,6.686254802997209,7.025098587244773,3.6336509168799793,2.0
-1.2079141831964044,7.6844697662744155,14.257087138725849,5.135854773643415,2.0
1.126343745944459,4.698947832051013,7.354889614671482,0.16833903574721723,1.0
2.3403389046613334,3.545717520081583,10.899939366464674,1.6122204647670404,1.0
7.554836185630657,4.03600896247296,8.856875847094546,1.3604090165527392,1.0
6.466194012529326,5.525140214220991,7.941763391884002,2.826409007563574,1.0
-0.5168384675134643,10.597672553710392,10.020147701970473,1.0255647568548467,2.0
4.787402274922446,8.336018247626672,9.379219475639896,3.22219984537236,3.0
1.213377449131853,8.191974608317185,8.330767239217701,1.1382355656366236,1.0
-2.614787827577615,2.862148906670181,14.761274883191827,6.054722579591502,1.0
0.6173091947800249,6.23072400517545,9.879570381617786,11.122455898563246,1.0
5.288678044884172,7.433013017227625,10.511991766445608,3.467984272431767,3.0
1.0857300345184502,6.336516423728846,17.93442416476507,11.657027458567883,1.0
-1.4732536855415317,4.789693597949963,18.79381354340844,0.6841728714234004,1.0
0.9160263183877764,8.882559370108355,14.394056860574068,7.323560624070223,1.0
5.75967759896888,5.389605063180413,12.326026057923098,0.5173598607684742,2.0
7.564541814798364,6.560518396519892,11.020692110044054,2.9557731177986986,1.0
3.158101065549446,7.636354185825997,9.420546414961091,1.1052108287694729,1.0
-0.5247010475187386,4.782545638426772,12.471346646080978,0.16084946819654927,1.0
6.43241990187406,9.99792076602266,11.729535753487795,5.949135752455781,1.0
4.160936985594587,4.777934067857913,11.07116602945844,0.08246055573126554,1.0
3.042604988104573,10.757912114608487,15.576294860040582,2.4292805704955804,1.0
2.095304874911885,7.569895558068284,12.901191571040616,1.4463412390128936,2.0
2.222352359929885,5.680406282144265,12.017057077855053,1.8725508601735423,1.0
-1.0644035767206246,9.162999218928729,7.138723315733925,0.22208435669337287,1.0
5.610257082572177,5.87991664636261,17.296804401944257,0.6442519674155867,1.0
2.422538820679754,8.141674665947441,16.637272376870147,0.1953675453404496,7.0
-2.7605869551666187,8.674286116871347,9.430534476546125,2.5366687215053054,1.0
0.6563488768728978,6.257052216172674,12.392777441533081,15.265504071045958,1.0
1.7374914178769456,7.600377429849312,5.60886955116348,1.4715977942822,1.0
0.8530382347597083,9.711336333726322,16.203118405633973,6.950740363190973,1.0
-1.7065012193745597,6.784806338864864,10.960623239734456,4.461098616610855,1.0
3.0516552349976616,7.6703856474796615,8.20275149312293,0.500002674529838,1.0
1.0363491480838785,5.633671875209452,22.379187794299774,2.420542953815659,2.0
-1.1197094857036367,5.7617962876654625,10.108699149124753,6.9509173697784465,2.0
0.26072298591989673,9.249109635269736,8.08107374222578,0.4464426336098496,2.0
-4.488672941478378,5.3268965326121895,9.448291920925508,2.568557202473013,2.0
4.667587586474411,4.522695374781348,15.524742163446614,4.227630070605613,1.0
-0.406548074300773,6.2041008284471175,14.599258289151113,5.840970782328174,1.0
1.652505881210313,8.103782486329559,7.3697812868598955,5.675505613246976,1.0
3.2916562989087974,8.514320579752297,16.24729471723712,0.5969544474406614,1.0
2.3985239613420646,4.439133512513793,7.7691178362538125,0.3507700561888763,2.0
4.145201339680554,6.320661560858396,18.22208492068185,5.227527170552861,1.0
2.7793213243780572,7.355047820827709,15.330905873335801,4.338454422871089,1.0
2.7601125780844855,5.96280331536895,7.302929170833138,3.244001067800603,1.0
-0.8031500787355377,6.218752847209304,5.256553021501132,0.727045221114931,3.0
1.8115406358290511,6.674298331673287,16.800723221581194,2.108016160686873,1.0
2.2026371780113294,6.019841286162221,12.020380658595656,9.053607725267094,1.0
4.172589343334607,7.241165389514027,15.477507357705829,2.16338050245414,1.0
-0.16802098181552116,4.935490924725244,11.479210309761397,2.0198648725438466,1.0
0.4417359916961012,5.114328026578113,11.649909829994158,12.95966571179687,1.0
0.5573876777575324,10.286305138953306,3.535845387272767,10.620703066649313,1.0
3.714534476266575,5.3863031361248535,11.920262196039305,12.717270123980331,2.0
3.007644001102392,8.455991403038356,16.806016283765715,6.05371515718387,1.0
3.837687646638213,6.593924706601548,9.333098094948866,3.0651275449886715,2.0
-1.6383073475906036,6.209458778665028,17.819030103027593,0.3661543977321218,1.0
8.285052015544158,6.850449329705568,14.184496568862656,7.446512714820263,1.0
8.066538598165497,8.835397898700531,14.376525780372742,1.7878513305301853,2.0
-1.2285684203538576,9.906609710138293,14.723781644569819,3.8555376444095644,1.0
2.53597735120832,2.8907889417622696,11.554087493118313,0.8164379574618474,1.0
3.3089318653515982,2.7383868544996544,15.21773732871276,6.217974022184929,1.0
2.4355844418609744,9.1660796740648,27.558400704021654,10.53475035423952,1.0
3.4113277206730293,7.389782169708335,13.841342811914867,2.08718369351023,1.0
4.707951289434718,9.745685797041993,7.333872456698266,1.6293225370636613,2.0
4.345242678112525,8.781712680291516,15.125424713162793,0.7874357567726696,1.0
-3.202150479070214,8.02223070514793,9.146197280812093,3.7414339563348182,1.0
-1.5530336345461033,7.4098634046837235,10.919522494385939,2.545987471274278,1.0
2.28966627076646,7.74821770940417,5.871787785441023,2.3493267604941765,1.0
1.3423811501808838,7.67831945443667,7.242963513495459,9.262422528453328,1.0
-0.4073919404248789,5.964381012681676,16.893196072502764,6.546238586831632,1.0
-1.5469939504502177,6.585239806576611,11.032798235677127,8.796592306596182,2.0
-0.6272486780144857,6.884705633958327,11.423044302891455,4.360754221472144,1.0
4.260791837782203,9.252827128468553,23.131981673654032,3.3998319619946007,2.0
4.656383424110526,3.6616692409480245,14.52809498683582,0.07129206804460261,1.0
-1.6382502488921737,7.359126176221196,12.350121560296657,0.4392349072107611,1.0
0.388380796305529,8.699059281338373,6.57206555893771,23.175762217280194,1.0
-2.433752584443857,4.406038659229956,13.912729145907367,15.518798034852516,1.0
-5.3109775893557805,8.069038387899772,7.86129203822486,0.33608970854642534,1.0
1.9276946412551104,7.836487799569184,13.98302752173409,0.21770275258535796,1.0
-1.0713257405153778,8.356637880524595,5.259295240283897,0.3810682356706595,1.0
-2.239936568209309,11.73355491919113,3.729788670265857,9.785783667092668,1.0
-0.6673178003248372,9.58850766747276,13.16192588083678,2.45686698260692,2.0
0.06531614161086718,6.649261739300813,10.624855928881303,0.5619278141020513,1.0
1.7505587228424564,9.741430221079078,3.3403404480660956,2.1968106080557486,1.0
0.7855223284721926,5.038845962685474,6.481414663588586,2.6240356927337287,1.0
0.045726435766993756,4.5566364483710196,8.775882318617471,3.83426019670677,1.0
3.600353730800419,5.5898788032822,19.224698114901855,1.4405818743119594,4.0
3.463528636193101,8.015630008063725,31.458395131719374,3.2931136972745936,1.0
-0.44487816296064775,4.4570636322192545,12.624459822457636,1.7935186957998708,1.0
6.428421195679011,6.579996322559181,13.674998000968172,20.813965023489054,1.0
3.8354973448624574,8.48324030079411,14.376918439062756,2.1565603807045863,2.0
0.7345513456272246,8.3943201048279,13.918322901637296,1.4767025671993617,2.0
6.070360474666277,4.3282943282403625,5.762503682134193,9.842570678542637,1.0
7.623228180309326,6.710260286780022,3.6341558969448373,4.782890833417635,1.0
5.483280819359029,7.23266870516756,10.042871272000259,14.479290915392866,1.0
4.461025717117417,6.893089847258491,12.788717440195786,3.1731250051367548,1.0
5.548752103250039,4.832105771717243,3.6557101249201445,1.5440954964462767,1.0
-2.779784420649009,8.64773221392809,8.683141778538829,4.54900187447725,1.0
-0.7491069749573152,5.575730871627128,6.289448039005157,12.115207286507403,1.0
5.590420687905144,8.342424725940164,2.3222153710552647,3.5181036527593603,1.0
6.783439777745764,8.458187961390854,10.811222611061233,3.017912711287933,1.0
5.100012766311179,8.5673309972629,12.825467892951574,4.195975267688707,2.0
3.213852432194873,8.724123954141001,13.441615777431345,5.705413983491131,3.0
2.675663453306056,8.498849188213681,10.676396008259474,0.4250118747938314,2.0
5.960837788280359,6.515098310172146,10.103681364357701,0.3013687839077267,2.0
4.008223986383231,3.1620742154346932,6.856323549014184,0.26500125973514244,1.0
4.114686528279596,7.700849581458866,11.430190463559633,0.22185724354896094,2.0
-6.742009505639119,3.266829865668496,1.2146433836493067,13.942585948379826,2.0
0.6196375550787105,8.95681325963789,9.000707843132968,1.607132926335409,1.0
0.20872864443216477,6.901186313940183,7.1397926022218385,1.0243924405963094,1.0
2.71249157689236,11.765468496137434,7.307510312982534,5.851222663626621,1.0
2.0930289472369386,7.310310350557086,3.273924109567014,1.8657561012873458,1.0
8.21730145219742,6.776943981340154,4.680661883534759,12.4563264359931,1.0
0.5529247661019989,5.065887707135612,12.570466360188504,1.68852654412601,2.0
2.833383096689516,6.322130711226632,14.585554261604376,1.777412390299973,1.0
2.6868256460103064,6.968169699504905,17.419667383395193,0.08021976390736192,1.0
0.2978029079584943,9.259151754876136,14.94662904984445,4.4486115378911375,1.0
5.594458215772626,8.953421355342837,11.294371065533669,1.3222495762924054,1.0
-0.698418162463863,6.135792749890294,12.23150959767086,0.4130579989419029,1.0
3.826786298269017,5.831173936324211,-2.9321855095228138,3.84888003482748,2.0
2.493218938531547,7.875494424904425,9.954485452792627,4.771990943481981,1.0
4.566535640192952,8.707434751444353,10.585182251135894,1.8598779601056448,2.0
5.104604692682211,4.621046057414718,12.084817444460139,11.16905121549368,1.0
4.619460589059306,7.20859657527216,9.051177317152174,0.6935078824169418,1.0
-0.8731337647930477,7.22970648762611,12.164853533636572,0.03287703275867743,1.0
-0.3965764833856884,3.080448355143038,9.303746485993745,1.322146601067765,1.0
4.730106523846539,10.69902166083323,19.055607668797606,1.5573924295528478,2.0
-5.661335187645593,6.497720509703008,11.521637958671656,3.096069066652259,2.0
-1.725799762939448,9.295250900285469,6.760348631122369,0.4120606673663444,1.0
9.79566129293949,7.133895033726092,8.403795322251325,0.47744800582998503,3.0
-0.7914514822878118,6.104054548566647,15.282039976971655,0.04902003878017345,1.0
2.0466196482683916,11.669360058659887,9.372691510457635,2.684182949966005,2.0
2.931840440608412,8.48093580967301,0.10456359038655094,12.232982389255492,1.0
4.950970544331862,4.070084992475641,25.287276009305074,5.325091418217904,2.0
-0.8423284619494344,5.653178311973985,7.3723503331715445,1.6362072993655254,1.0
3.720582817979369,8.832879743973919,12.367364164306299,2.552134815330446,2.0
5.620311839009814,8.470958426674533,13.565893476213015,2.734887419838867,1.0
3.4043991019547053,8.207239024701769,17.129824609288846,9.22012015053217,1.0
-0.259041256870308,7.645327796921627,17.948793170969097,2.9889469688072636,1.0
1.492913703798661,7.811992340947531,12.24563543576275,4.265821627689983,1.0
2.8457559950388562,5.6804161283503785,12.059773744806206,2.660385345764249,1.0
-1.5723144573875727,5.2092464534465925,12.716214047898877,3.3523616457387275,1.0
-2.0190164377999533,9.440895656194122,8.599855317169064,9.878573049687457,1.0
-1.387780246879334,7.613011836612814,14.624997501039735,1.0688741867483877,3.0
0.22972303412765438,2.3261093959418417,6.178539926968944,5.9248550875249615,1.0
5.147689988792979,6.910179703617802,19.719172615501986,1.5216097045578965,1.0
2.164555864453497,3.7294218426538097,12.828636941867416,2.1637141943457445,1.0
3.985584578064292,4.2389559246588,5.3996609856171585,1.8487640304107056,1.0
1.5925677217248642,3.9620370679278074,2.171635547513741,1.5823699295029547,1.0
3.305640751175389,5.324792708066857,15.195034870798953,1.2353660804578217,1.0
3.709614685680814,6.594985836140946,0.5208782134889312,0.49345352966183914,1.0
6.65650229981847,7.144548421855349,19.795775430805648,0.18159549140823356,2.0
5.584768998368693,9.28584193984737,12.119341184961458,0.665815188757629,1.0
1.2922537461435608,6.007797846606311,7.185598288724843,1.0283716517069315,1.0
0.3969848654070227,5.851551821163127,14.538616917698764,1.495678878353722,1.0
4.062655344214312,4.013113414479343,15.29208056712495,1.0968595918118513,2.0
1.0054543450231437,3.688006699936617,6.566587106151255,2.0620527391943586,1.0
1.7540271950000077,7.07446533409278,11.1060296920994,1.2018612837615308,4.0
2.5467442304908916,4.267893491453107,20.63515529275449,1.036597384475027,1.0
1.7485123627525434,6.609503835109389,9.383808026873837,4.160410751810112,1.0
0.9993977766723874,5.547965825256816,12.961002566017171,2.0721026060698855,2.0
5.430416116224379,5.738058659159374,8.52624552993975,3.7415069380690102,2.0
5.354945921271822,7.2894921720996155,10.061640820469538,3.5984624270621657,1.0
6.991611923318392,6.929913112821635,18.473410971325976,1.0351049746882919,1.0
4.37591721157664,3.86290438291265,10.483642264069488,1.2724647229108201,2.0
2.7432764480220486,7.658219157952828,10.243221994647762,7.935092685532373,1.0
1.373790882513163,5.887508243207479,5.185789722833318,2.6809671851705237,1.0
-2.1988643015463447,5.909415111197909,10.355167258700625,6.520326764868395,1.0
-1.7412847309734931,9.461123471541878,14.63449415714959,8.259570278272529,2.0
2.0069434964927475,5.242083972016682,15.598616205892922,1.4840917706646044,1.0
0.1531659502642051,6.31606621123818,5.729187636480461,3.825813660440625,2.0
-0.45111637345946454,5.612200345876832,5.300446455357012,10.903419881806583,1.0
7.236536731790773,4.740972853384794,12.54490135428035,4.323365503474926,1.0
0.16496434452116837,7.909443861145568,8.265925912896774,1.6790124849854076,3.0
4.220457874252774,3.3440773643334,7.083295182507344,6.625580137422277,1.0
4.771050285023088,9.554403042106088,10.16515635396722,4.664811283039562,1.0
4.593370964390526,4.884369165261674,4.366683501517097,14.013203738933694,4.0
2.8787197415767167,8.588569874242687,13.468481838184584,1.9511401301651772,1.0
-5.025938676370952,4.907311108142897,13.95462995599461,1.023885132085063,1.0
4.26955427016507,8.693542243617921,13.383784514127903,2.5051118911719903,1.0
0.4267097958109711,6.293914203156485,11.860429018096227,0.7796679117335121,1.0
1.8004967899429656,3.8346629644616317,16.475381126617645,0.12910502937437618,3.0
-3.4816697207276937,8.1835850078571,3.1530739603400653,0.21185704536639782,1.0
8.251917680115525,8.216830790921179,11.216137293892004,14.809375291686258,2.0
8.087115930512532,7.356161837418254,9.505731741663348,5.108892599678886,1.0
3.4362894969448017,3.2491818512383817,10.946868100657055,0.2773789376955887,3.0
6.889095452333134,10.005861782233811,11.414868857122013,1.2935496501501966,1.0
3.3260856256725773,9.503700475983859,11.545373824876538,0.4860346641264465,1.0
2.1800262449033863,6.5887296474225705,17.132952827345246,6.203507166783234,1.0
2.7100392629154406,8.685928133091096,3.349524991429475,1.403167663863298,1.0
-1.8574810066983987,8.16844561236501,17.80228585746997,6.795895885411563,1.0
0.352523919373662,8.163891617795594,15.232705148274576,3.1806627992228353,1.0
1.951362693871987,5.723050094916191,13.25134572416929,15.486949623028744,1.0
1.7928684767976268,2.7738919704325777,8.278966583875167,1.3707063610038104,2.0
0.3612145507810145,6.389817677171306,3.9652999170270906,3.7313624505708214,1.0
-5.018030862706345,7.023041380915024,6.039076565100317,0.03927189601068082,2.0
-3.116719403553626,3.7848484145375494,2.93522378518346,2.673537866203829,3.0
4.849986334517228,5.532091143425108,11.120819515181271,1.1760146343938531,2.0
-1.4470235928366084,5.713604423190844,5.586677550407044,15.809622632144551,1.0
6.350650278742395,8.907051774734414,15.378731439616173,7.240054191570491,3.0
3.836266245504311,8.62018856007098,10.262983560817933,7.9461280337937366,1.0
1.288121134673399,7.441112858642961,4.504912878015427,5.225563686167218,1.0
-0.5930309711289175,5.695322616872752,22.087943002527155,1.4701947298888574,2.0
3.489494130216219,6.4947684098688265,8.537196785903838,10.166195140378822,1.0
2.8301158163521833,5.855236322476906,9.885534979346351,2.9393153334563618,1.0
-0.44598285938814053,9.023147264149493,7.030632375063819,10.455446159101605,2.0
3.6350264016640264,8.507151842713165,9.057284055709241,3.89569734321236,1.0
2.4887701974277388,6.2522649393364205,6.834642851096607,0.6432322197965491,1.0
2.4868970552663257,9.341873921189155,8.012154021631716,4.089490292971566,1.0
-2.81776247131355,5.656308028386951,5.345989880062768,1.4561417062025659,2.0
-1.7660768397736315,5.209383381348237,21.74611472983576,13.033466508923288,1.0
1.2869663312736668,7.075433286256546,7.177215789097053,6.182986710802944,1.0
0.9282042412562408,5.98864642568315,17.23711324479862,2.496967102372075,1.0
7.674947341702493,4.5331955200241705,17.260108718970777,5.361289070289599,3.0
1.8879429898375584,9.073206934650175,4.627761370330424,0.5539861036161688,2.0
0.8356706325746979,9.460714673016549,11.613659117926494,5.774782047724781,1.0
1.6219903626345007,4.444650241082068,5.426770413501712,9.614892431667434,1.0
5.158643834220678,7.575583934233716,16.584736707619783,1.0044570940980109,1.0
5.296730360589154,6.139228816935167,10.42816481857227,2.4666337790005572,1.0
9.036554878189136,8.715991321600004,2.6414059099861706,0.8425748255396788,2.0
0.7051128421879982,7.360336209516893,8.100621760504179,10.272127342048073,1.0
2.939407368189983,6.292294507670997,13.946967782499282,9.00449050795683,2.0
3.6824276121473516,8.960660705821446,5.847624247524446,1.4943296066096803,1.0
0.7423779723786619,7.348495146701543,9.482824512556478,2.286706525809917,1.0
-1.3118467985482343,7.8431088237460544,3.6179450023531565,0.08561377103678651,1.0
1.1126362328408859,7.196236176880054,7.132317352024702,0.614469952078342,1.0
6.319412973806419,7.077603929166116,2.632540893496655,2.7705548924086543,1.0
2.83837325672751,6.594693133575712,13.211651871822681,4.949987846805669,2.0
-5.635382079621331,6.821995240613076,8.739608017951593,0.6993513484046062,1.0
-2.70547129455021,7.517908957566007,8.403720269871675,0.46194875998907053,1.0
2.5922325229638563,5.7468244438381735,6.578567092792385,0.05309700688793308,1.0
-0.00306390537541823,3.5164968984320173,10.518317994955703,2.80207123286187,5.0
4.7026017594570515,6.976520708526001,15.469601559430757,3.160853134113014,2.0
2.5606254784990052,8.241238249280814,12.825692741549007,0.5623182620877465,1.0
-0.30524696262914564,9.007645713463587,-0.8089497509765913,4.420260850086906,1.0
1.3085502478989954,5.329494345630602,10.5105986790713,1.5868774489444633,2.0
0.4579781085954182,8.575839200470973,3.9290211526683336,6.552389144934542,1.0
2.1516390899693807,6.591886041381929,11.348358416898732,17.221895107149017,1.0
0.5668854143465694,8.97375643472349,13.281691794868479,0.7778578294826232,1.0
1.8370085371673763,3.7073132734582206,7.189519488931172,3.151328401649215,5.0
-4.436225099649123,11.16738434887087,13.88750878400109,6.058534938591981,1.0
-0.29116477098466964,10.527898029624746,18.76245346274009,3.957363828567647,2.0
-5.159189813917599,9.791774484906881,4.69581229293428,0.2231679023220354,1.0
3.5676825693394516,5.9679456926477386,10.700158039714202,6.318883659214768,1.0
-0.0906213055058176,6.679332353621989,10.611928533653781,4.855864349847985,1.0
1.8355286011900156,11.90986760497086,17.59787623368939,0.4789791257510419,1.0
8.30440494669486,6.169740629472836,9.540554575362185,3.135873826435064,2.0
-1.934247032049952,9.5851953710658,9.013407073889496,1.0017856673411865,1.0
0.08608062113764547,6.509764805408125,9.840736102984327,0.8514650730904033,3.0
1.512670912489782,5.119289409534197,8.553771035915876,3.094599307487411,1.0
0.2520470518384057,11.8027098740668,1.9375771891352382,19.292888267982175,1.0
6.142779516899516,6.694603195396327,17.22540293844289,5.406522352675374,1.0
3.761064098581773,6.42066631671278,15.580046470608586,0.15818494296861346,2.0
3.9813649419655524,6.631664277427891,9.627505537171134,2.754605318646781,1.0
-0.07152506760471322,4.1906504576585055,6.755749478149838,3.3972281988727615,1.0
1.691314394278411,8.222508649922467,11.727733094489487,1.670105891263794,2.0
-0.15660351566760156,6.860060873485006,14.231283427430295,0.8131313282913339,1.0
4.096389221568061,5.83963772561257,7.508664531696736,2.391063345536801,1.0
5.585439929053498,10.785473331033817,10.330086512857509,2.5348245183608875,1.0
0.5427694091835449,4.512355642536036,17.499821081634252,2.8732183393662876,1.0
1.999888547174588,6.6174129307910485,11.788301634111303,1.6498212150613358,3.0
3.0961052652226324,6.9405694755869245,8.00118402276588,1.8593280840333613,1.0
2.2278353398338355,11.012166814858084,9.05376850423551,1.5089041884557584,2.0
-2.8264150067615033,7.343878350595871,7.246133972326867,5.554440504120951,2.0
4.090446794227849,8.390948164686328,18.54960420335182,1.4654681474924736,1.0
4.861829406943725,7.313522120963314,10.031138165684837,11.253230640577899,1.0
1.1680161564642093,5.347573666219628,9.277001421235862,11.760282467353774,1.0
-0.03804895334848535,2.49571363376032,12.048443731151343,4.054212827646537,2.0
-1.0270951091589735,8.412226409546028,10.823240412256794,0.6035961928093618,1.0
2.7679186092486066,7.679219517493211,14.722804328099226,2.9252979678829862,1.0
1.8645109504020088,7.685487472873132,0.14881971962231688,7.66860106455222,1.0
4.338696592814831,7.177673454939782,12.156684881531913,1.6288575184275684,1.0
0.19570411945371835,7.593624150765112,18.809744908892192,3.5858616268903267,3.0
9.8982883043304,8.433721896466551,12.65089536494165,3.7328172836249087,1.0
8.888973428431713,5.631157043840488,9.983302959773358,4.004064167863071,1.0
-2.457303402491193,3.109389313201611,8.93583693768647,2.421801340597307,2.0
0.43119120561413427,8.069799782435172,13.289048876255993,10.844736845249567,1.0
1.9016080867809924,6.229939908787008,16.105573885140522,0.9097660581530074,1.0
0.35923652366705827,6.707645378492093,10.686747222735988,16.997810126437688,1.0
0.43178686724006465,4.634951085316763,12.719882714654227,7.403175213306632,2.0
5.304192457623244,8.854985641757118,10.78292307798186,7.12651010725704,1.0
1.1952131809087976,4.638601362589434,12.678936836585077,0.5996682297865135,1.0
-2.536835335154197,4.751401955134696,16.496243731230802,3.8751728663481946,2.0
-3.6548207794489747,8.642010586382646,10.219646144628381,0.09569993686724823,2.0
4.866970687757152,4.758993310190615,12.438259748864724,10.628975756930826,1.0
1.0625133933063569,7.483135421065708,8.338323159153735,2.5354292414249797,1.0
5.553763033410913,6.425065135307089,10.874978061247962,0.8100949460785565,2.0
0.5882919950273131,7.082064312467308,11.870538685139174,6.605756049469371,1.0
2.090548816214078,8.439312233917551,9.444360010491696,1.8630622855072234,4.0
8.71208459282986,5.441818813230144,9.991449745310303,1.3858202673571443,1.0
0.4760117789126692,7.883301328230373,14.345734484042296,0.1924198193552895,1.0
4.145079918704271,4.572033554719983,7.268558334378905,2.3575106711342806,1.0
3.5223290763466206,5.521591340271379,9.737531217375873,3.8775921949189813,2.0
2.3448321393728424,2.3438043853253587,14.824234329159035,5.839397458624393,1.0
1.2080618033716553,6.590735220175445,17.658870612375665,0.24479230660033896,1.0
6.950716155268038,9.8471007632799,18.54638662539914,4.585654187643645,1.0
0.39029451300287876,6.986460278339963,11.349284049292915,0.8282220708809062,2.0
2.7037252304047836,6.27485369229575,9.318737038968443,1.2262716799051843,1.0
-1.437324376827974,7.8855208873765745,-4.297093612304572,5.716857355398265,2.0
-0.9247240610996146,6.6279781188130915,6.182031357622778,0.8187106021570613,1.0
-0.4876005105113288,6.573315229264059,7.0155007066014266,2.6526182745661586,4.0
0.11970423347986325,2.5576236188189574,10.470390667965125,0.3358575137905698,2.0
3.5738825774223555,6.5103706142015945,17.879967686920615,1.3204753956797437,1.0
4.101103898460874,6.908355148054214,13.679052891699973,17.436698882269944,2.0
-0.30816903594888734,7.846138032738423,9.225264752492247,9.552082814296291,1.0
2.920967363034963,6.687073781906755,-1.722891207917403,0.6219427473693541,1.0
1.4741636995653622,8.443739332362505,14.96990789007391,0.5532741848574015,1.0
4.062112452291855,7.008302673257413,0.9885412862339304,4.664410331293169,1.0
-0.04209335502913358,4.164263067086772,12.317408373072631,0.16942901539692257,1.0
1.3194076831205166,4.950373240939049,9.599796991288946,9.13581789739785,1.0
4.512250939644922,7.111219625959679,13.586906373000966,1.2428166686785522,1.0
-0.605135238370929,7.7404352880875384,9.267119222702902,4.995441626334783,1.0
2.6019080265647356,7.169319867723718,6.676810837583834,5.5042477640481415,2.0
1.746050617077938,5.3561254355439925,-0.46269718594999,0.3242365747570003,1.0
-0.08322533094586015,4.651937953196012,10.757705920080884,0.07909672196014199,1.0
-3.1497384405102924,4.962961747050202,11.594016599186833,3.786579200753295,1.0
4.610202950636083,9.380066593645092,4.938408853094517,0.16981217144236146,2.0
2.852675798834103,2.98544587409609,12.41461662822318,1.5032589665869498,2.0
2.933578987803459,4.731206380558767,4.976104996166116,0.5339615410763063,1.0
0.04173596763649967,4.446998557161906,11.52024493457779,5.141434896359331,1.0
2.618345880299867,8.916981283421343,9.485730981365952,11.05903772237179,2.0
0.48929605109951324,6.688864175572467,15.164275513903071,2.4063681913455577,1.0
0.34255854702865873,4.365995023507786,6.604527082558807,1.5469044709065307,1.0
6.4482022593628825,5.901676495275297,14.294795615075705,1.4041867035097613,2.0
0.4772473968108999,5.585986515264838,10.123152965304739,1.9041563197785627,1.0
3.2042319451199717,7.88433493681494,2.98577974706693,0.03008784255903031,1.0
2.1292154129919862,9.742555121007669,9.233030741884651,13.584024381260747,2.0
9.62591234606815,7.683477462993791,10.148429709996673,5.904741911377146,1.0
3.7941075348009234,5.8531714860585105,-0.7713006464004053,0.45567100101057223,1.0
-3.0919385359991445,6.094405252330771,15.299802075648108,3.9018492287475777,1.0
3.120245888915607,4.256904882347501,8.68065770237447,2.0350669544501576,1.0
3.156006807399781,9.619365464279557,5.27694224569334,0.9689525589445653,1.0
0.6654760788936742,7.274758293467577,7.260711439971654,1.341597309963494,1.0
4.220563483215402,8.09802360466636,6.4271163318400335,1.6661157305254146,1.0
3.9992768653071993,3.862292199372377,13.349110935419063,2.9905184085348884,1.0
3.187860572291145,4.894718501832125,9.191054239093656,2.674486724824974,1.0
2.538861070045641,6.6858338610772305,17.598479026759023,6.054729590800003,1.0
4.470919782680101,5.988898232346163,8.011350228874583,2.892928747042183,1.0
1.190585114028993,5.722874766112177,10.945097160864867,0.6934927442669135,2.0
-1.5504279793300415,8.099574461450892,7.536695853787439,4.8855476117441485,1.0
2.4215410916056523,8.492352867225266,7.828597212972517,3.3239845361576625,1.0
4.12185292184054,5.596631424537999,10.264803618738442,0.03252322426209136,1.0
-1.2917047067100116,7.487839595253938,16.98937891360349,0.36977164246382066,1.0
3.0732632186312547,5.833989000008259,3.2877583922013436,10.606478806088466,1.0
1.8732263589678044,6.788178034817133,7.6984568579164545,10.97056851691936,2.0
-0.7452987275942142,6.126553302628306,17.71193017260149,3.981982267120794,1.0
5.049949201787754,4.6953701925488645,3.812403552217704,18.723786618280645,1.0
7.9140683419664,8.42812932013437,18.909079481127925,4.756601450507993,1.0
0.5243311635019445,7.255644634802315,9.44650045095337,4.316447329654741,1.0
2.897939973314137,5.751872352958879,20.762601505630315,1.6812102879470758,1.0
3.123473208184096,10.92673484933669,0.8681512264364173,5.209427351857317,2.0
-2.001732268140561,4.273746072119868,8.302848673577213,5.600299574803537,1.0
-0.29275146584024503,6.869645312045389,15.080204698794141,3.8317970274637556,1.0
1.308408696310237,8.311181563602045,12.028347643598547,0.879735826380968,1.0
0.5430125555459788,7.237779341014945,9.646287594054048,1.6605394951059862,1.0
4.153677443648924,5.755137723328328,9.927756023882546,5.155317152129787,1.0
3.012391509019849,6.832524142605879,13.630384966368638,1.1210995790520941,1.0
2.2057908097953356,10.62349190837694,11.491802696998079,0.9796556811830106,1.0
6.245156386916478,7.798831259654301,6.104501199454419,1.9317001158705431,2.0
2.1507433406880514,4.791274391317481,1.7749690667229672,0.447433130610738,1.0
5.644679414200645,7.4410053034862305,10.02156651328468,0.8389597450031895,1.0
3.454377182040997,9.640333553374298,9.974720182154536,0.9226545748103262,1.0
4.119772043720426,5.484960505417627,15.217178454883205,1.152063738058509,1.0
-0.10620253352016817,7.539483765821786,13.33241598133595,1.3817859335489735,1.0
-2.484419325587792,5.63812051614028,8.62598634335392,1.042947288447971,2.0
4.561427855625583,3.9630162285647086,9.748494416049677,10.272125106429304,1.0
4.450549644180025,9.903994313741425,15.54405389596679,2.3360588479939017,1.0
2.9809659137249405,7.7120822669094276,4.2758296180869335,0.5426960161877897,1.0
0.02445164627476215,7.096797006622007,13.741948995249752,13.76564969445648,1.0
-0.06008454374058214,4.649340967401081,5.226000096432016,0.19065307043641846,2.0
-0.30910282859003857,10.245691000453636,10.581348820560693,2.25638154193668,1.0
-1.2341359713293167,7.937952756340204,16.883217773482446,1.8878927866716506,1.0
-0.6560554941250478,7.4989607073383135,8.444972052698384,1.3200530279457867,2.0
2.056755424006012,6.747836499233487,10.638707573287336,0.5048602614919232,2.0
-1.6804898383730924,7.336719538561041,14.289366273571833,3.4134177781261763,2.0
3.22554848953581,6.479275119947938,9.124275403885479,1.310495881885703,1.0
1.5811754572384729,7.428109168058232,10.416728803645736,5.266277913869919,1.0
0.15067718495916216,11.321705074845644,10.669569591027837,3.4606856627817915,2.0
0.1430874063989882,6.389780467413649,9.63164107916692,5.999905866819115,1.0
4.44893276109767,6.961019912395615,14.667695026276217,0.07527188334557047,1.0
2.546916849239126,5.177247690295681,10.825134267533683,8.128284434301078,1.0
-0.13076076593507935,9.095436044894093,4.428419714222089,5.003063121538879,1.0
-0.6337360198233419,5.813782778246348,12.567324439911012,8.428089338191063,2.0
-0.5021653999527178,7.687452856915199,16.93715580214973,2.6891561204728114,1.0
-0.9886151218107351,8.272002120370882,14.033456877418828,0.10802748628512873,1.0
-0.4622373922984684,6.873290343976063,11.448461777627475,8.140847518745783,1.0
2.729703197376427,7.5466807546052594,10.03313926895412,2.2516633245022755,1.0
-0.08231481332534862,7.424519733567102,8.229599075584549,1.4356350517057064,1.0
1.5578845323169912,4.565316457075058,5.996738302620821,3.762633074851934,6.0
4.554504648257129,6.0981643327392785,14.017970941528073,0.32979881320983245,2.0
2.855701644982737,6.438606472541256,11.915924038369283,5.983375873905389,1.0
-3.035783887371432,9.13685927399624,10.736797842838019,2.1451539298701308,1.0
0.289852233256259,5.949111377404715,17.25328337417294,0.940368245323709,1.0
4.286770433848316,7.029892081043059,13.99585464651433,1.6767686429858215,1.0
-0.06343754570684101,9.126097585336804,7.163371924399639,0.8577936773682273,1.0
7.1425660303093546,6.016566547840229,12.25461445831006,5.634469461693005,1.0
1.9941315092173477,9.240591259406514,18.667137588158386,2.2047988668643925,1.0
5.568335323906486,5.644694744632948,8.48541737022128,1.6595573407955724,1.0
1.1391170795922039,4.830222068309586,13.370864038861676,3.2371284892528793,1.0
0.6166976129806627,8.825663321483999,12.032522294009054,1.9628686134655235,1.0
1.3665827304577498,12.308077736422637,16.651748444895198,2.0732561352132777,1.0
3.3870716307594124,6.050021869769464,8.627375651874349,1.6018625277225615,1.0
12.436679890458402,8.38142128875565,21.83258077549425,2.496186184213047,1.0
-2.0420328689673406,4.960866986516845,11.413431453258395,5.691384199781762,3.0
2.502704558255035,6.277076890169742,23.754407613859243,15.100303952400832,1.0
2.6233322347872474,8.715282337722506,19.552576075283,2.482502498253574,2.0
1.4592207533104338,7.590418391177716,11.110461094674774,6.21422485195245,2.0
0.0005229102056261148,5.840698414475264,15.338381785896985,6.970740963428276,1.0
6.471535741399448,6.269526977240242,3.6044933821958463,6.325447925310599,1.0
4.7085188794793735,7.632603619885029,10.781260166338678,1.0893658145390122,1.0
-0.43469615696685615,6.327705403340978,7.716977418234067,9.68959914223817,1.0
-1.8706219215766646,9.423617713406477,12.108417103887964,13.88724179950825,1.0
-0.29347416584047004,5.652860018772052,12.22546906066005,1.064954008922242,1.0
5.484183396811398,7.745225034305875,13.908719318336912,1.1136290730494833,1.0
-0.19848412572872576,7.40957562049111,21.594564515086827,0.5260709118210855,1.0
-1.371808594376564,7.584444015919927,9.71866931236422,1.2013415695065808,1.0
2.9209193723028193,4.767325782490929,7.893895026802756,5.341206073478574,1.0
4.149021325554093,7.652137325229017,9.907440389404382,23.05170430288952,1.0
-0.04401063416869189,6.155164238725836,7.936349342334402,0.22552154503256022,1.0
7.759207522291534,7.531340082898081,9.24451389055731,8.386586348401055,1.0
1.5910176415103081,5.996109736452,12.474651606015174,0.025491099249298474,1.0
-1.6038092024925312,7.84031883499914,16.02177553280498,4.897561073216165,1.0
2.6462103454989765,6.030533115828103,7.875385132444996,5.885147269359049,2.0
0.8577719333846865,4.880305218770527,6.981245440738384,9.334785466063808,1.0
-0.026025237277645275,8.682194826904501,10.183952475525022,7.650279110163574,1.0
-0.01146805754841207,7.7444125040919625,16.09375283267921,1.1719347537508205,1.0
0.9827614753872167,9.11330338435274,19.38529800470303,6.48340400457929,1.0
0.2059964765437865,9.364212360346755,21.653616840304373,0.5382510729487198,1.0
4.611845429190689,6.835118834014443,10.950003320588706,1.0203726430128128,1.0
1.1695505635534198,8.140975929481382,9.835343932136078,1.3884711963595153,1.0
-1.8628332791518392,7.005425994378499,9.311723139979533,2.0179393278501725,1.0
-1.4811580076573825,5.576566239736547,12.470080977555662,3.294495953778264,1.0
2.0508663363011057,8.01996022709767,5.730559002024992,2.110693723922718,2.0
6.925642253540376,10.33650176398204,11.482838607744291,4.281831104953736,2.0
0.5467283161355727,9.00193063291137,10.510305470878057,7.275386092165083,1.0
-1.4766243767777123,8.158842971107072,13.66266310108092,1.5256456175836977,1.0
-5.7229369589722605,9.478845245463333,17.25685548734959,6.9376462364599805,2.0
-4.941490300598701,4.600656373157483,10.346306858687157,1.1333168743195705,1.0
4.48231346533518,6.162546401185246,10.608622046486593,2.0369003097069114,1.0
-0.1708030500993747,6.957836306085385,11.957393947440702,2.701128001541489,1.0
4.952540526588785,6.818214146867295,10.84073331543566,4.7374736881082855,1.0
2.775083478574535,5.609830564410802,15.140593691176466,4.023353908140971,3.0
5.1166067702684535,8.221500827477048,12.260139673596374,1.0633426505231875,1.0
3.75785570699075,6.04967456324774,4.69265035757306,1.6407021073147354,1.0
0.6495129207563592,4.286974431971926,7.484566771468594,0.1853562785260466,3.0
2.656939675713443,2.863790027291107,14.638999134463937,4.515409852081937,1.0
4.2881237570084565,6.476891382072811,3.9945793987526077,2.3891011408384135,6.0
-2.6149672829269504,6.055177822663195,15.791419847138261,1.4308443779667832,1.0
4.39546986486034,10.787986619433152,7.98646404851879,0.6764452241878309,1.0
2.5087573762794175,6.788175897933767,8.070309008089904,2.490719289832496,1.0
-0.849186037837474,7.634687290308554,6.035305236771354,1.3934440565160997,2.0
6.254080513536254,4.736516057307722,14.518945369097054,0.6509403206986135,3.0
4.2167141315222505,9.19932001203502,20.95589289632739,3.2229088322574126,1.0
3.784669797161072,3.8128560342809825,15.362182911606656,3.0772303156980185,2.0
0.18219330217189822,6.673015253821001,16.013145274962653,17.161055523611513,4.0
1.8524134047588874,8.283153396017962,7.012605222783938,0.41145817831899545,1.0
1.3478168921409248,6.356089275104185,8.97394452264057,3.1635694246810266,1.0
3.5081876411000947,4.845790223565858,20.817612863180223,2.0148390321051814,1.0
2.361195911263824,11.205961031686499,5.259570642352302,0.09976069338813986,2.0
-0.35549765588461835,11.943491449309697,11.66978094932931,6.958905512490051,1.0
4.019529969242523,9.35268527950804,13.898103338328573,0.7389683512352693,1.0
2.7677419096541875,6.663715657021944,15.613298253447708,4.0270880126569235,2.0
6.128671337242549,9.037180887735374,8.66624074604048,4.182653724033879,1.0
-2.6202761721517707,6.425306397962238,10.598679794649762,3.672898171276409,2.0
5.580692405128733,7.982216528645617,8.219520040494483,2.6894122470385264,3.0
-1.0366543342094423,5.088539725132501,7.703135404771385,16.927403176498537,1.0
1.47985729782516,6.5524416020799485,9.268365320376258,1.2765457670738956,1.0
-0.28029376165973385,7.24628012678355,0.4307252235578858,3.6117541669213744,1.0
1.7592276825436932,7.723357139960689,6.357009716116923,10.792363035540127,1.0
6.332460052771189,5.269689536467996,12.716748847913912,1.3544098788364378,2.0
2.5656783944948254,7.020874689587847,12.384837692286741,4.765904349394832,3.0
7.741978251293668,5.566796075948033,7.9550521413717075,1.6129145643185447,1.0
4.019954256234703,7.142353594822993,20.21539976906004,0.8809802925540113,1.0
-4.07581725271527,5.6334297346565965,12.895254826713378,11.54016903849112,2.0
-2.2664387428355877,5.525363801572872,17.370756097296518,4.584050237733218,2.0
9.078209900336708,10.819562734652685,9.7826996838526,4.135177928231484,1.0
1.5308385986605124,6.136958307303676,11.880010052221415,1.8811161819425084,2.0
1.773308340044437,6.380318473078643,12.14593331248666,8.926987982425555,1.0
2.6706951352754533,6.658447463924146,15.031851460399974,4.864486636936427,1.0
-4.808101925980214,4.786214042786856,7.717389213350279,0.6950486064137152,1.0
5.705285357954711,5.643693513698802,12.287464148174514,5.011958527842784,2.0
-1.9478053900320331,8.293247120093048,7.392126881494536,4.716207704640765,1.0
-5.221021775974817,10.091583128258549,13.480137837924149,4.77376413459179,1.0
3.1432511946458,5.813773405813287,15.899309724959076,9.487491080729447,1.0
0.4205124927882058,9.014776711213203,19.144638139200858,8.640303695392166,2.0
-0.7608801172464035,6.977975670127869,17.243841176758252,4.317883836245394,1.0
1.2953323425398908,6.4859603395812595,14.914208052480568,3.5192868754205633,1.0
0.3102567084339318,10.621628718403269,5.688801692172259,2.103168217895145,1.0
5.176509277144417,7.804331800559793,9.149211180375136,1.074058259696166,1.0
7.927470544265951,5.806005414009334,2.5992032001874144,3.0890354186756994,2.0
-0.507853894320994,8.629004635537207,18.33162209965824,1.9275775593933346,3.0
4.195055905424261,6.3441546120558066,-1.22126690714353,3.620529440778663,3.0
1.6745999457284926,7.039632419009445,6.633230296540551,5.658310644161268,3.0
0.8802786934769966,6.647263170479621,13.764611141213926,11.264759026302155,3.0
4.695268498394031,7.688878328058518,14.289301967188145,5.5487370414115,1.0
1.3186338574372407,8.575518234641104,10.202947982349336,0.9651284603823473,1.0
6.168926143242992,5.8841627708280235,11.519590389662612,0.12888215663251468,1.0
5.437131923663881,10.610933797173935,4.937337716741647,1.3806968180588655,1.0
3.3284373515761296,9.348180064690112,8.123892242141935,6.243013342783141,1.0
0.5840753364007389,5.250214019883453,21.182597477206215,0.005319355487861806,3.0
4.478768530838669,9.845749086934626,16.990466973994767,1.5816838171412468,3.0
6.622824677971877,5.079359402278295,11.312784043811282,0.5998792757324589,1.0
2.436082450301295,8.14312617645591,15.152173951316154,1.7254875680402475,2.0
2.2111258230671615,7.866275227532192,18.681152412192297,5.882016268741332,1.0
3.329694404794499,6.055697356310422,7.23817775391121,2.2455846236893953,1.0
-1.7112598170770306,8.852791986389303,15.722278822700332,2.5858964860141804,1.0
6.155845809355565,6.668322391462881,4.2381416412212465,0.857497009827586,1.0
5.919848160638105,5.487115084679695,10.769820558431707,10.074969661668066,1.0
7.829310786647545,6.985632385565123,9.39538895714671,1.4709160133915093,1.0
5.9829411274487025,8.724938805364168,3.4793788009819187,1.9555833966775138,1.0
-1.396114025318754,5.452629666345499,9.390294029803554,5.242577330270822,2.0
0.866944364697267,9.713243553094678,4.273251929785625,0.010741821141365146,1.0
0.22602996481192794,9.31850833624713,11.316297997340332,6.884570156646763,1.0
0.09528017066374028,8.46021779355552,6.7324275408965075,0.30403298672584045,1.0
-2.9385772858382104,11.028559233097834,7.723310901353559,1.4736854481784816,1.0
-1.519678060917613,9.348965335391751,6.5157512951613565,3.795640176998938,1.0
-1.7828214925001316,7.71706022208495,10.959248125707996,2.6340374041518824,1.0
4.506573043671491,9.358565052691102,11.22007700115501,2.3171323914743667,1.0
2.2795930351565747,9.245585809916152,12.02299999738647,11.408649530796687,1.0
1.9879369815577066,3.698699010005645,8.230486493263246,0.11743880253209832,1.0
3.4668127954065957,3.6946827946806877,10.144234143845058,26.4240730648011,2.0
2.8690433559174107,8.720600461514723,9.649993574602835,4.5123862317189944,1.0
5.772680985427555,5.017268194264885,1.6740138028033424,0.18957773026888336,2.0
4.094868657362712,7.9906111961603745,27.924862449860512,2.2893160421844194,1.0
2.052935345349704,7.7682370216099725,15.43478853881886,1.283051925532175,1.0
-0.35105506056532754,7.312568951541332,15.702580509086578,6.387987212342835,4.0
-0.13906356539686282,10.143554788639168,8.264226261675669,1.2855034301955108,1.0
2.5235860385052673,7.865124204268835,16.979804428149215,1.3526548867169428,1.0
0.8554064605624969,9.77317834091502,11.181696317171816,14.764197094179309,1.0
0.8058042513038413,7.08100840822207,4.528132418582112,3.978647609756313,4.0
3.2300066677965122,4.611146678115841,18.601459342568084,2.122939102897452,1.0
2.6716913078367153,7.9718318998002555,11.288234807756156,3.52185810342349,1.0
0.5601854560399928,6.236212937820627,14.442404750166874,2.166858790507547,1.0
1.723444610293357,6.138546870755701,20.307805127718822,0.03586091461658968,2.0
2.947946711389513,9.628582540985388,6.527461758689603,1.8945323704785182,2.0
6.274550542793514,6.784303509080294,12.522248643633478,2.51893870351016,2.0
2.5703122872528947,6.5619594701688335,12.382636789062136,7.110133688573042,1.0
2.210411013997244,6.251311404004621,10.745067912634594,14.731209376351236,2.0
-1.6399221350511555,6.521239089094548,10.78898743616452,10.450051694462411,2.0
2.7328449874906866,8.846188887400602,7.4373828441560565,1.0326415491446574,2.0
4.904649722602871,10.57186677921618,13.430130605391135,5.19289336307665,1.0
-3.1953869579667202,3.227734908952226,3.770618718982983,3.2974264002396936,3.0
0.9191961758590181,8.576534404438583,8.917601729389615,1.5186957610344087,2.0
-5.798970832930696,5.791278337810633,27.717053623680954,4.967448074825828,1.0
2.7428925460741267,8.185760075888119,10.467474722043647,1.133871079511792,1.0
0.9277815497449329,5.942490911748065,26.11180320050961,1.912774859635754,1.0
6.724017771388835,6.93315787633354,15.31229857209952,1.3006289481462368,1.0
0.803041380053297,9.295129730862765,12.411059028929634,4.8243405645830375,1.0
1.7012542638683699,6.255697017001881,15.652137241160977,2.548174044804962,1.0
2.375740761351347,6.09052968629614,-6.363429432214517,0.7595382352125349,1.0
1.9984996318283792,6.840415374778795,10.487609204862876,21.49826368640901,2.0
7.9432797567474225,2.704792865331048,5.825540219421081,0.18875820537342924,1.0
-0.027385357259502197,11.67347675489272,19.58403419176713,18.961405709547662,1.0
2.447006910654875,6.461595395455546,11.096541619959115,19.293778502834517,2.0
5.4502714208536185,7.800720787686183,-4.712211435158185,11.816279256644709,2.0
-0.42781641581186713,7.061775470299452,25.40649400680831,4.858766581710912,2.0
2.3035377900101928,7.612059196860026,6.533132939364391,3.5658769933998333,1.0
6.61644457068994,7.518861808117483,9.579262892731315,4.816538371097984,1.0
-1.64732801129247,10.152483019539352,7.859728255490685,2.4830053612779612,2.0
2.2983091647485376,6.74829048282359,12.775179854864412,13.643311391407591,1.0
0.577939762520904,5.692561705792308,-0.9531773820604137,3.7722585385439147,1.0
0.8097206163402206,7.893356421099865,12.716539946690174,1.112812457047039,1.0
1.6838776173887815,7.496281059370293,10.846874748242573,7.343794081787885,1.0
-0.808942073833518,9.169573205939397,15.930728273765066,2.279306113811785,1.0
4.194325910921544,8.589025864392726,8.98966295674865,2.103721999459946,1.0
5.245786378089769,8.245700367313948,13.573980653400431,0.010130609982746399,2.0
-0.08201782245891209,9.416837704051634,7.171689608331482,8.107876994521895,1.0
2.130820674463358,7.404277060133181,10.810896554486257,7.875885621921155,2.0
6.237154227985578,6.299362989187583,9.501144917350228,1.8357344758017464,2.0
0.544003424013908,8.765134851017514,15.451587063992859,1.996562301090178,1.0
8.206953983406388,4.6730454002247805,11.800174646041253,0.04224982142571375,1.0
-0.8778720935735147,7.805857378895885,3.9573185818677015,3.989737179493807,2.0
3.1610524876169706,8.72762105519794,11.636971250044544,4.570157079439844,3.0
1.080346473033448,6.627195226759401,12.15849800085072,4.946466743141073,1.0
-0.8255980881309393,12.156455655362938,15.163710053442323,1.2520515811901713,2.0
1.1494220935674515,8.276988222300067,12.565917889091356,4.450261696053802,1.0
-0.9059461121731598,9.160149756399484,8.517492328646448,3.583849067893614,1.0
2.0245889596914495,10.848175778111678,15.51113152165009,0.8849604404861088,1.0
5.557442752550046,8.45656726621722,6.2089098370861855,2.638633348701496,2.0
0.23057810716272353,7.933354708266989,10.31533529320684,0.24574406338853322,3.0
2.7540211579129914,4.916011784193259,15.526169855565552,3.0625331982871544,1.0
4.481767548445383,9.488564799487833,11.229372237626706,3.908874008257728,1.0
5.858198698438403,5.474899547002456,20.97770781869216,4.658245714766362,1.0
6.337832807152067,8.74003091680637,10.119082626803372,8.311858569622881,1.0
3.6799824976573854,8.155138729881697,9.692520891670314,1.6295777819887498,1.0
0.3576902114999838,8.092635746054105,6.9832907703766764,8.532664792239284,1.0
2.9672367859836823,8.773173328914547,11.439100249713132,1.6526574400130056,1.0
0.5799130528506518,4.869814605845102,11.038761992931043,2.2190367094085643,5.0
3.662649124892479,8.179020308599853,6.535370036909839,0.13991144890298038,2.0
2.215281982703367,8.795084756139865,23.87674281175929,0.04901505819155734,1.0
5.523528642124015,5.148415833040206,14.649954316431193,8.828053355158842,2.0
5.941375263782163,4.294898128243984,12.040029992693128,3.113968525433485,1.0
0.01844405313064179,5.8698909165794575,12.769150358357718,3.3206230625618196,1.0
-3.85833340363369,7.664636102454017,12.000403006111574,12.872407867865922,1.0
2.781990252429997,4.941056156387756,13.102500542376657,7.31168028179811,3.0
4.961372357916343,6.46373769119719,3.764452883509742,5.725561307251004,3.0
-0.5234333091543273,7.593104216533112,9.806176368647602,3.1083704983984113,1.0
0.9864205226793579,8.078443276830933,11.960819172563323,1.9703451806863592,1.0
4.369430885288405,6.768831699935303,18.434764846504038,1.0732875634606167,2.0
1.3422361942473806,7.351573949544679,12.774239593894059,6.089618501607966,1.0
-5.40463070778088,4.781697109442966,-2.5536570934739107,4.782274819026197,3.0
5.330242605633851,6.236293937497107,15.912155024112469,7.173467730993659,2.0
3.425844232882694,5.496856160433146,5.606245789903551,5.1901393166286525,2.0
-5.7417193202142665,8.35364877464569,2.4602852244294713,0.4023498914488204,2.0
3.2082153344629316,8.75660041064192,6.618539749388695,5.740103367561857,2.0
2.2729905259051137,8.89843630101965,13.209075812697304,10.078292262884702,2.0
3.5940095180245684,6.326648770749659,6.2435772865534584,19.270350595481432,1.0
-1.683987881445801,9.54542289209546,8.30635693282796,5.88894790404037,1.0
6.805902100300383,7.465986174620363,3.983490781860226,5.838173350480836,1.0
0.5618517782106203,8.488856329678093,12.879850485462395,0.0034357196291279098,4.0
-1.1396438726804945,7.128042875587132,13.86859980024851,1.0375855741745683,1.0
2.1743289001973105,8.952577365163235,7.647069728227287,4.125028054481836,1.0
-6.317799175487391,8.400656070323313,10.08446671137582,1.3187718232783832,1.0
3.4811507202373924,5.094329676647148,11.219205584985177,2.806096780065561,1.0
1.4716327208753106,8.592761094269969,11.88780189820892,10.295156891709105,1.0
3.8846595843172813,3.3802394488669383,8.065757102504158,1.2071588758871292,2.0
1.624732649989331,7.3076896672474,5.50595348064104,7.238824292524184,1.0
1.8293243790145368,2.887588472093337,8.401995710100358,0.5269005430627912,1.0
0.1127921518636903,8.514472699454139,22.08927437015661,4.8915814413078005,1.0
3.455074007209794,5.3365587745648,5.885005391238878,2.874138206992781,2.0
-4.284043673902032,13.445297513271608,18.64221107919776,2.7630779185447434,1.0
2.709875444290099,5.432835043733544,10.165748358917888,0.003962809034587597,1.0
3.9273928924341446,5.902589537698443,3.4789799904595977,2.333874806423955,1.0
2.5065280125714144,5.2219519957696,5.396657386687419,11.922886280783064,2.0
5.2817200028265106,7.915173534314287,13.844448369367868,1.0765013145130786,4.0
-2.331182534476045,9.006874839269608,7.97885661914077,1.5088959244942661,2.0
0.898552743442083,7.1258423601334995,12.934014513808142,5.791801573959831,1.0
-2.1513040495633797,5.125043754939626,11.870087929399144,8.846604547783564,1.0
-3.6946174164595273,8.95961462634633,14.335114818947563,5.635406323131326,2.0
5.08358474480174,5.680655949896598,13.082489887563595,1.5460536643520792,2.0
2.102338101149485,9.165745819994871,6.0849939051365,4.567600433307326,2.0
2.9881879651576706,9.162633197626032,3.921742088581012,4.6611102494824665,1.0
-4.620890372483592,6.6417983454298,3.529602484593278,2.6977924129488318,1.0
0.7583369143764593,8.630922178542987,26.324730518395384,0.49799559086504147,1.0
2.2604204079903387,9.219725894887201,13.124090766928948,0.22834232360828915,1.0
-5.67789368460971,8.340567425502574,19.68785930637305,0.1343589079956934,1.0
-1.8521977716787523,10.137074189264805,7.781231919643987,1.0624403592765344,1.0
6.465117318735736,7.388657125017093,15.601305315011201,7.295425516583847,1.0
3.9634490099439565,5.479548917762107,13.208860568820143,0.05216891575311915,2.0
1.6145828928699906,8.504696950995992,14.980231971159963,0.2616922978760488,1.0
5.5233669715058245,2.3633139695716245,0.3272521245924782,9.605442379362355,1.0
1.8023633724804626,5.06566052618781,1.5027881105308154,1.200631246696171,1.0
0.2792865122342767,7.609263817896806,13.123434488625175,0.24916220096897085,1.0
0.9123249639149025,8.191712912864979,21.54514962578558,9.557481230432506,1.0
-5.856755678257224,5.313968951453401,17.169405657232836,3.389400772983211,3.0
3.2697465587681007,7.362395493188939,11.852536678041712,4.0245888049908345,1.0
6.387543686462731,7.186119741558327,6.691530941246092,1.7179365551070003,1.0
2.168918109450679,8.951911027280147,15.74716681386531,1.7126019353199369,1.0
1.5138226893633704,8.547570805265961,9.680294797687626,6.129144396381869,1.0
5.674462681850955,7.801882929491369,0.2563496500935418,1.127248199919174,5.0
-1.5366980441372444,9.038179824897757,7.723730501599175,1.0228241751011973,4.0
2.06289746250852,5.234973650781418,12.288473603555504,1.0101816365975962,1.0
3.65819451283798,5.941154982183137,3.569229586726278,2.825871687055347,1.0
2.2960793745800987,7.929503656775389,16.168271412187305,7.010091426594123,1.0
1.7219281697162057,6.771527897325905,16.020857772352315,0.008840452767471264,2.0
7.3652926415757864,9.779726201685596,9.9670033812361,3.3863969815443458,1.0
6.02971296103704,11.229397120231383,12.15223202159634,14.439193734162256,1.0
4.217784506683944,9.62595355515472,3.790799836813104,1.0696441911056327,1.0
2.0400153221476662,5.007354325160007,12.544923451762788,0.7693701566745987,1.0
3.791368996355897,8.917420780333599,-4.3371787763458585,2.644550397600549,1.0
1.4935012993034331,9.65049670366687,10.68197287979958,1.3463448259192736,1.0
-1.2351542625513323,6.33261061542512,2.408676931410332,8.533701084591826,2.0
2.6871570836485206,6.363515196859984,13.575673898571846,0.7835318402401792,1.0
0.0011670167664372677,9.342234318559642,14.212378299793496,1.5377055835698483,2.0
3.453801671104987,10.107170017920232,16.472961605737105,3.202653459938721,1.0
2.731340796988001,6.570880657309719,13.334593134487056,0.9140235973151665,1.0
1.5892483806276527,5.871457854393702,3.8986912591582836,2.174908365115752,2.0
-3.0947469359758832,7.003855463498511,11.259677565835403,2.738383471439682,3.0
-2.3882325280547407,4.652092852910698,14.949968074667176,5.1343581063809385,1.0
2.872612963961428,5.28332082929041,5.615100287956966,3.2022399584728496,1.0
-3.4459815330991743,8.914234671930208,21.738445442741124,5.790373427760452,1.0
-2.5319738170408144,5.779260577125848,13.245162399652859,0.9984670931075417,2.0
0.2615422156728564,7.586882942875159,10.95723901471934,5.968752982922497,1.0
0.34117685672276155,6.795878815119648,9.004188931112479,4.0471213911626975,1.0
4.009165584523552,4.789120371136215,6.560277402045732,0.7237433286158155,1.0
-0.5648001011190535,7.918972246885023,11.610320638876813,5.67741139439505,1.0
1.6173492862935075,5.693065338160172,6.754574876367393,0.5234228987728246,1.0
-0.923288947652523,11.42734742180053,10.937086505125052,1.4807331849970753,2.0
3.7626599343494727,10.21259917190837,-0.6367733849847603,5.051689717662924,3.0
4.731504063314987,6.87709407167873,16.072187372639142,4.458147702706979,1.0
-2.5056301465432096,5.598228706391719,12.070874807010947,3.306140913286934,1.0
2.2065509002634762,4.904179376678963,14.198698368437466,13.375099221685787,2.0
2.2234328033546578,3.662845176604012,13.589745715491127,2.2839937319604284,3.0
4.314268752018701,7.5589892656448,14.202556736504324,3.8994223862246735,1.0
2.3156861988217075,6.778567717169326,4.5114133611335685,1.0602836097509263,1.0
-1.7564043020568034,5.497249822332677,14.079807227866974,0.4664097749833448,5.0
-1.0350694710041841,9.480038370728035,-1.706004136466257,2.467596609219056,1.0
5.427655124396775,6.41716952792224,8.18948678913895,0.48880960800209683,2.0
1.0486914182341962,0.17425793867315242,10.708180947938763,3.543381910373763,1.0
0.6062003977406378,7.302950658722164,8.045384472544745,1.8030177130378642,1.0
2.8949681532349234,6.663034614505394,7.591706188598499,6.164893423012636,1.0
3.1178043717045103,4.974567333871038,7.792709424455765,1.5070340712346908,1.0
-4.970184904334665,8.174689798471293,7.85437624627541,6.038841606824854,1.0
-3.4737756231908827,11.085989883157806,14.558478839832857,7.656846557217375,3.0
-1.4784819022323452,5.698471196916793,11.116261354783537,0.38228530835179875,1.0
5.3649272147978255,7.413560002485461,12.290714970424423,8.174534917458725,2.0
6.867536004181592,6.780666872948212,15.976231541811455,1.4784564085334153,1.0
3.5238339764944557,10.96342254023204,11.769829334024656,0.501583195006864,1.0
-0.16349249843664326,7.146871344296489,11.706904589778405,5.637563358329315,1.0
-0.9223159739289204,4.356622324868486,10.3293050820009,1.2512968806389424,1.0
3.5118724069549137,7.259336254331717,16.10467294339413,0.6402544698155852,2.0
1.738422615762885,7.749265077806956,9.658782964860901,2.989917985629911,2.0
-0.25475257211615165,5.141048673729815,13.375222740831283,3.3459027196985045,1.0
0.5100334838620151,8.740353124124509,18.459718912204323,3.166793610254849,1.0
1.9371066641679482,6.85924693915847,16.660184960068417,4.732686881044029,1.0
6.41481195103481,5.733923011312097,11.500831027354858,1.3069936491715326,2.0
-0.5721577092588999,8.5169788031098,14.607099515825986,2.0643436625684406,1.0
2.3449598693413924,8.141943011085253,10.066189311255485,0.8760121273806274,1.0
3.4519228638085147,5.341574941959103,11.073893586435505,3.684689131915579,1.0
3.9908262602745967,8.21654213329788,13.000246772109756,9.594026999220825,1.0
5.813973177338057,5.133665026246492,13.85505834348545,3.88682177409893,3.0
0.9764889199682358,4.80692723033995,11.075487586916458,4.897164313548076,2.0
4.58622331374848,7.392503348693161,9.28553067697841,3.8616996093087126,1.0
-1.5799565002135019,9.803007375745926,8.715406559922565,10.222702208608235,1.0
1.392372332202569,6.771858751521461,6.32145515392764,4.499340989724706,1.0
1.1095831777240213,6.88188597435366,15.464479843247966,1.8323254113000844,1.0
4.814206307633449,3.7091970573705915,9.568578330303954,0.46120371591930315,2.0
1.5475641156615654,4.092488771629212,20.806225249228035,2.1579475467549387,1.0
8.060453953731415,7.617982072258201,12.79208038719613,14.62995545719374,1.0
4.016317230474433,4.161833315224735,12.944080913728001,8.77374169794106,2.0
-1.0555705710596852,4.849265475294335,7.774949329517648,1.83990815156863,1.0
3.5607389760645294,9.683655827436596,15.61450458957069,0.559932139381024,3.0
-2.6002630516731653,5.6646012973385655,3.7051973770517774,0.35013059958920434,1.0
2.046516610337946,6.410975535840632,11.629747450264126,9.57657635500416,1.0
-0.7856327992171455,6.2159428904728,12.208037750818438,13.971948447248106,2.0
4.715926821790839,9.75525592290515,8.823747268682698,7.2365096961942825,1.0
0.6469195333790396,9.17906158053316,28.148406529300352,4.065920538820614,1.0
-0.35922922839000915,8.510370591062342,10.915843806723682,3.308890612653294,1.0
-3.0339234973811804,7.432689291611448,13.708477981373687,3.1839147661650333,1.0
5.394715733719049,6.163847630312775,15.78643655689049,1.733168563746045,1.0
1.5292050185573391,4.60718396405767,13.275883198504289,2.295201742318235,1.0
2.680108112591575,8.033899702242639,7.835756219976629,2.063539517250329,1.0
3.632066952580863,5.736112986425144,7.930510778029925,1.5975451667218379,1.0
3.9972251082901145,2.7335030861185885,14.26260863489023,8.675109193431592,2.0
-3.4140911316667193,6.279590475422576,11.104270829881875,0.661924320024694,1.0
10.126457798652972,6.042372093051604,14.383126994931779,5.552562034434226,2.0
5.135020078684331,7.927071412657415,6.86448193962271,7.588615347045938,2.0
4.246896788521593,7.384233988337652,11.216420776002167,4.0296803395905245,1.0
4.0862500027052935,4.107408339007112,15.01003200513678,5.845448813942638,1.0
3.364569543390904,9.282873659631903,21.933834934097128,0.3645804103547698,1.0
-0.3737921297844107,7.325847720609074,10.707117024007724,0.12135809500165602,1.0
5.944430802336332,8.282346680263245,16.696083666651013,6.62414565471183,2.0
3.4271426184671325,7.046546190549695,15.250913100520467,0.17058797539025616,2.0
-2.3925439248313936,5.576352850075171,6.054625037284872,1.300580721148243,1.0
-0.4766832855157861,8.124340422041394,7.759132482596898,7.445217709663584,3.0
2.2465958040702882,2.7649426258000975,24.827850785603207,1.2801567686633042,1.0
-4.7656165035052584,4.3913451617544155,11.840222772973162,1.00284084394924,1.0
2.98213946747774,6.5289526865601015,14.838036387452085,0.22675324214897052,1.0
1.980365113503127,7.015572125820609,14.600583680324695,0.37195928088499436,1.0
-1.6503587442236545,6.8186657310082,7.081286634934048,13.466572447600642,1.0
-4.258380068669748,5.950502597344319,15.47631324873667,2.229723370544867,2.0
0.07370025533200053,10.07609901501171,21.385854475866,5.3251626427633285,2.0
8.418818961089107,6.893391738232488,19.592344552235367,1.3960794998798616,5.0
0.18275334979966495,9.729626331565884,26.106400478325924,6.433901740847696,1.0
-1.225436570242298,10.15542524195713,15.65111104459616,1.3898482967767665,1.0
0.3988108116224165,9.023604246939042,8.848558654869976,1.84991459522836,1.0
0.5369234153130613,11.253368703049755,11.531073578470306,5.451471783435214,1.0
1.3725029709271301,5.267383329373163,9.275447533371143,1.921541285224681,1.0
2.253101172628189,10.024106130208006,16.299254594580173,7.019269313764344,1.0
1.392426566776644,6.367355799391925,13.523741243219165,4.005063980597958,1.0
4.224769050100076,6.849919099523574,10.296473832086509,2.747504811645996,1.0
1.2398360879896573,5.953971537527578,6.9363631007171875,14.02262978852893,1.0
-0.9024813513026353,11.382177929730013,18.769215017556867,1.662607016282371,1.0
0.47424392158064155,8.21930423462265,14.2045865775473,10.878976073829103,1.0
4.701375975765721,8.561312485034906,9.595031474338649,0.2918676986373954,3.0
6.803240669158578,7.929879150053018,18.132949216925958,0.9015403991411753,1.0
-0.2527673030435835,8.26010085193547,10.836514650817024,1.6862378835414822,1.0
-1.0070186646892627,8.0625833591872,16.40354155211551,0.4314319792743766,1.0
-3.4742620867361103,5.4736281039651855,6.7208693716517205,2.8161190561008884,1.0
0.8609711623022331,7.107959938283568,9.642100983827671,3.4108942566752987,1.0
3.8324908081695037,7.51626854938357,11.368419923671233,7.008011763370194,2.0
3.3200302350418207,10.371118090100826,9.345059469994375,6.275452213916608,1.0
2.697466002178477,8.824730519020317,8.20610610217609,2.4032792760416926,1.0
0.8638407350380217,4.7721695245783735,6.14456231763719,1.2151708487118327,1.0
4.388014458824445,6.427496593404619,11.19413877691717,0.5996098503429956,1.0
